Workbook

Sheet INVOICE
A1: COMMERCIAL INVOICE
A2: 1) Shipper / Exporter | F2: 8) No. & Date of Invoice
B4: KNK CO.,LTD | G4: KNK-260402-1 | H4: DATE: | I4: 46114
B5: 2, Gisan-ro 87 beon-gil, Hwaseong-si, Gyeonggi-do, Korea.
B6: TEL : +82-70-4045-0407 | D6: FAX: +82-31-267-0407
F7: 9) No. & Date of L/C
B8: ATTN : Ji-Yeon, An (+82-10-2739-2660)
A10: 2) For Account & Risk of Messrs | F10: T/T
B12: KNK VINA Co., Ltd.
B13: LOT CN5B-2,QUE VO III INDUSTRIAL PARK, | F13: 10) Issuing Bank
B14: QUE VO WARD, BAC NINH PROVINCE, VIETNAM.
B17: ATTN : NGUYEN DINH TAM (+84-98-204-9966)
A19: 3) Notify Party | F19: 11) Remarks
B21: SAME AS ABOVE | G21: INCOTERMS : C.I.P
A24: 4) Port of Loading | D24: 5) Final Destination
A25: Incheon, Korea | D25: Hanoi, Vietnam
A28: 6) Carrier | D28: 7) Sailing On or About | M28: 베트남 세관 HS CODE
D29: 46116
A31: 12) Marks and Number of PKGS | D31: 13) Description of Goods | F31: 14) Q'ty /Unit | H31: 15) Unit Price | I31: 16) Amount | K31: ORIGIN | L31: Loại hình | M31: CATEGORY | N31: HS CODE
B34: 001M2603 | D34: SRS1-C1202-2 | F34: 14 | H34: 9.83 | I34: =F34*H34 -> 137.62 | J34: Fold 부착기(CTC) 2대 | K34: KOREA | M34: SSR | N34: 85364199 | O34: Rơ le bán dẫn, mã hàng: SRS1-C1202-2, điện áp: 24V, dòng điện: 2A, hsx: Autonics, hàng mới 100%
B35: 001M2603 | D35: PS-DS1001-25P | F35: 4 | H35: 0.23 | I35: =F35*H35 -> 0.92 | J35: Fold 부착기(CTC) 2대 | K35: CHINA | M35: D-SUB HOOD | N35: 39269099 | O35: Vỏ bảo vệ đầu nối, mã hàng: PS-DS1001-25P, chất liệu chủ yếu: nhựa, hsx: Connfly, hàng mới 100%
B36: 001M2603 | D36: DCP32DN 3A | F36: 14 | H36: 13.81 | I36: =F36*H36 -> 193.34 | J36: Fold 부착기(CTC) 2대 | K36: KOREA | M36: MCB | N36: 85362011 | O36: Cầu dao điện, mã hàng: DCP32DN 3A, loại hộp đúc, dòng điện 3A, hsx: Daco, hàng mới 100%
B37: 001M2603 | D37: DCP32DN 15A | F37: 2 | H37: 13.81 | I37: =F37*H37 -> 27.62 | J37: Fold 부착기(CTC) 2대 | K37: KOREA | M37: MCB | N37: 85362011 | O37: Cầu dao điện, mã hàng: DCP32DN 15A, loại hộp đúc, dòng điện: 3A, hsx: Daco, hàng mới 100%
B38: 001M2603 | D38: AFB1224M-F00/AFB1224M | F38: 2 | H38: 9.36 | I38: =F38*H38 -> 18.72 | J38: Fold 부착기(CTC) 2대 | K38: TAIWAN | M38: 냉각팬 | N38: 84145949 | O38: COOLING FAN-GC#&Quạt tản nhiệt dùng cho tủ điện, mã hàng: AFB1224M, không có lưới, điện áp 24V, kích thước: 120x120x25.4mm, hàng mới 100%
B39: 001M2603 | D39: AFB1224SHE-R00 | F39: 2 | H39: 12.64 | I39: =F39*H39 -> 25.28 | J39: Fold 부착기(CTC) 2대 | K39: TAIWAN | M39: 냉각팬 | N39: 84145949 | O39: Quạt tản nhiệt dùng cho tủ điện, mã hàng: AFB1224SHE-R00, không có lưới, điện áp 24V, 0.75A, kích thước: 120x120x38mm, hàng mới 100%
B40: 001M2603 | D40: D-SUB 25 Pin / Female | F40: 4 | H40: 0.27 | I40: =F40*H40 -> 1.08 | J40: Fold 부착기(CTC) 2대 | K40: KOREA | M40: D-SUB 25 Pin / Female | N40: 85369012 | O40: Đầu nối, mã hàng:D-SUB 25 Pin / Female, loại 25 chân, dùng cho dòng điện dưới 16A, hàng mới 100%
B41: 001M2603 | D41: T-DFF120 | F41: 4 | H41: 0.53 | I41: =F41*H41 -> 2.12 | J41: Fold 부착기(CTC) 2대 | K41: KOREA | M41: 커버 | N41: 84213990 | O41: Quạt lọc khí, mã hàng: T-DFF120, hsx: T-TECHNOLOGY, hàng mới 100%
B42: 001M2603 | D42: 120*120 | F42: 4 | H42: 0.31 | I42: =F42*H42 -> 1.24 | J42: Fold 부착기(CTC) 2대 | K42: KOREA | M42: 스틸망 | N42: 73269099 | O42: Vỏ che ngoài của quạt tản nhiệt, mã hàng: MG-120, kích thước: 120*120(mm), chất liệu: thép, hsx: WOONYOUNG, hàng mới 100%
B43: 001M2603 | D43: BK10S-T2-2P | F43: 2 | H43: 31.06 | I43: =F43*H43 -> 62.12 | J43: Fold 부착기(CTC) 2대 | K43: KOREA | M43: SPD_KS | N43: 85363010 | O43: Thiết bị chống sét, mã hàng: BK10S-T2-2P, 2 cực, điện áp: 230/440V AC, hsx: LS, hàng mới 100%
B44: 001M2603 | D44: SD10-T2-2P | F44: 2 | H44: 42.76 | I44: =F44*H44 -> 85.52 | J44: Fold 부착기(CTC) 2대 | K44: KOREA | M44: SPD CP_KS | N44: 85363010 | O44: Thiết bị chống sét, mã hàng: SD10-T2-2P(20KA), 2 cực, điện áp: 230/440V AC, hsx: LS, hàng mới 100%
B45: 001M2603 | D45: G7SA-2A2B | F45: 8 | H45: 8.19 | I45: =F45*H45 -> 65.52 | J45: Fold 부착기(CTC) 2대 | K45: JAPAN | M45: Safety Relay Coil | N45: 85364199 | O45: Rơ le, mã hàng: G7SA-2A2B, điện áp: 24v, hsx: OMRON, hàng mới 100%
... B166: 001M2603 | D166: SS6000ZZS | F166: 48 | H166: 0.66 | I166: =F166*H166 -> 31.68 | J166: Fold 부착기(CTC) 2대 | K166: KOREA | M166: BEARING | N166: 84821000 | O166: Vòng bi, mã hàng: SS6000ZZS chất liệu: thép không gỉ, đường kính: 26mm, hsx: Misumi, hàng mới 100%
B167: 001M2603 | D167: MCH15N-2-680L R/D / LMG15H 2UU+680L ES10 R/D / E-HLGH15-680-B2-ES10-R | F167: 8 | H167: 37.45 | I167: =F167*H167 -> 299.6 | J167: Fold 부착기(CTC) 2대 | K167: KOREA | M167: LM GUIDE | N167: 73269099 | O167: Thanh trượt dẫn hướng
B168: 001M2603 | D168: 6001ZZS | F168: 16 | H168: 0.39 | I168: =F168*H168 -> 6.24 | J168: Fold 부착기(CTC) 2대 | K168: KOREA | M168: BEARING | N168: 84821000 | O168: BEARING#&Vòng bi, mã hàng: 6001ZZS, chất liệu: thép không gỉ, đường kính: 24 mm, hsx: Misumi, hàng mới 100%
B169: 001M2603 | D169: MCH15N-1-470L R/D / LMG15HUU+470L ES25 R/D / E-HLGH15-470-ES25-R | F169: 2 | H169: 22.63 | I169: =F169*H169 -> 45.26 | J169: Fold 부착기(CTC) 2대 | K169: KOREA | M169: LM GUIDE | N169: 73269099 | O169: Thanh trượt dẫn hướng
B170: 001M2603 | D170: MCH15N-2-1070L R/D / LMG15H 2UU+1070L ES25 R/D / E-HLGH15-1070-B2-ES25-R | F170: 2 | H170: 48.38 | I170: =F170*H170 -> 96.76 | J170: Fold 부착기(CTC) 2대 | K170: KOREA | M170: LM GUIDE | N170: 73269099 | O170: Thanh trượt dẫn hướng
B171: 001M2603 | D171: MCM12W-2-162L R/D / LMNW12T 2UU+162L ES21 R/D / %ELLG-E-SMLGW7H-162-B2-ES21-R | F171: 2 | H171: 27.93 | I171: =F171*H171 -> 55.86 | J171: Fold 부착기(CTC) 2대 | K171: KOREA | M171: LM GUIDE | N171: 73269099 | O171: Thanh trượt dẫn hướng
B172: 001M2603 | D172: SS6800ZZ | F172: 8 | H172: 0.62 | I172: =F172*H172 -> 4.96 | J172: Fold 부착기(CTC) 2대 | K172: KOREA | M172: BEARING | N172: 84821000 | O172: Vòng bi
B173: 001M2603 | D173: S6901ZZS | F173: 16 | H173: 0.59 | I173: =F173*H173 -> 9.44 | J173: Fold 부착기(CTC) 2대 | K173: KOREA | M173: BEARING | N173: 84821000 | O173: Vòng bi, mã hàng: S6901ZZS, chất liệu: thép không gỉ, đường kính: 24 mm, hsx: Misumi, hàng mới 100%
B174: 001M2603 | D174: MCM9M-1-50L R/D / LMN9T+50L ES5 R/D / C-MLG9-50-ES5-R | F174: 4 | H174: 10.14 | I174: =F174*H174 -> 40.56 | J174: Fold 부착기(CTC) 2대 | K174: KOREA | M174: LM GUIDE | N174: 73269099 | O174: Thanh trượt dẫn hướng
B175: 001M2603 | D175: SS6702ZZ | F175: 8 | H175: 1.29 | I175: =F175*H175 -> 10.32 | J175: Fold 부착기(CTC) 2대 | K175: KOREA | M175: BEARING | N175: 84821000 | O175: Vòng bi
B176: 001M2603 | D176: MSMF042L1T1 | F176: 4 | H176: 201.31 | I176: =F176*H176 -> 805.24 | J176: Fold 부착기(CTC) 2대 | K176: JAPAN | M176: SERVO MOTOR | N176: 85015119 | O176: Động cơ AC servo, mã hàng: MSMF042L1T1, công suất: 400W, 200V, 3 pha, hsx: Panasonic, hàng mới 100%
B177: 001M2603 | D177: MBDLN25BE | F177: 4 | H177: 202.87 | I177: =F177*H177 -> 811.48 | J177: Fold 부착기(CTC) 2대 | K177: JAPAN | M177: SERVO DRIVER | N177: 85371099 | O177: Bộ điều khiển động cơ, mã hàng: MBDLN25BE, hsx: Panasonic, hàng mới 100%
B178: 001M2603 | D178: MSMF022L1S1 | F178: 2 | H178: 113.92 | I178: =F178*H178 -> 227.84 | J178: Fold 부착기(CTC) 2대 | K178: JAPAN | M178: SERVO MOTOR | N178: 85015119 | O178: Động cơ AC servo không có phanh, mã hàng: MSMF022L1S1, công suất: 0.2kw, 200V, 3 pha, hsx: Panasonic, hàng mới 100%
B179: 001M2603 | D179: MADLN15BE | F179: 2 | H179: 197.41 | I179: =F179*H179 -> 394.82 | J179: Fold 부착기(CTC) 2대 | K179: JAPAN | M179: SERVO DRIVER | N179: 85371099 | O179: Bộ điều khiển động cơ, mã hàng: MADLN15BE (200W), hsx: Panasonic, hàng mới 100%
... B565: 005M2603 | D565: KFV-10 | F565: 2 | H565: 75.69 | I565: =F565*H565 -> 151.38 | J565: Display 압착기(Tape) 1대 | K565: KOREA | M565: Noise Filter | N565: 74122091 | O565: Khớp nối , mã hàng: KFV-10 , chất liệu: đồng thau, hsx: SMC, hàng mới 100%
B566: 005M2603 | D566: 10472 | F566: 2 | H566: 58.52 | I566: =F566*H566 -> 117.04 | J566: Display 압착기(Tape) 1대 | K566: CZECHIA | M566: EMC Filter | N566: 85299099 | O566: Bộ lọc nguồn chống nhiễu cho nguồn điện và cáp điều khiển, mã hàng: 10472(10A), hsx: MURR ELELTRONIK, hàng mới 100%
B567: 005M2603 | D567: BW9BTAA-S2 | F567: 1 | H567: 2.43 | I567: =F567*H567 -> 2.43 | J567: Display 압착기(Tape) 1대 | K567: JAPAN | M567: ELB Cover | N567: 39269099 | O567: Nắp che đầu cực, mã hàng: BW9BTAA-S2, chất liệu: nhựa, kích thước: 55*49*24 (mm), hàng mới 100%
B568: 005M2603 | D568: EW50AAG 2P015B 30mA | F568: 1 | H568: 34.88 | I568: =F568*H568 -> 34.88 | J568: Display 압착기(Tape) 1대 | K568: JAPAN | M568: ELB | N568: 85362012 | O568: Cầu dao điện, mã hàng: EW50AAG-2P015B, loại hộp đúc, dòng điện 30A, hsx: Fuji, hàng mới 100%
B569: 005M2603 | D569: EAC-06-472-D | F569: 1 | H569: 18.73 | I569: =F569*H569 -> 18.73 | J569: Display 압착기(Tape) 1대 | K569: JAPAN | M569: Noise Filter | N569: 85437090 | O569: Bộ lọc nhiễu, mã hàng: EAC-06-472-D, điện áp: 250V/6A, hàng mới 100%
B570: 005M2603 | D570: EAC-16-472-D | F570: 1 | H570: 19.9 | I570: =F570*H570 -> 19.9 | J570: Display 압착기(Tape) 1대 | K570: JAPAN | M570: Noise Filter | N570: 85437090 | O570: Bộ lọc nhiễu, mã hàng: EAC-16-472-D, hsx: CNS SYSTEMS, hàng mới 100%
B571: 005M2603 | D571: DRL-24V120W1EN | F571: 1 | H571: 21.85 | I571: =F571*H571 -> 21.85 | J571: Display 압착기(Tape) 1대 | K571: TAIWAN | M571: DCP | N571: 85044090 | O571: Bộ chuyển đổi nguồn điện, mã hàng: DRL-24V120W1EN, nguồn vào: 1pha/90VAC-264VAC, nguồn ra: 24VDC, hsx: Delta, hàng mới 100%
B572: 005M2603 | D572: DRL-24V240W1EN | F572: 1 | H572: 37.45 | I572: =F572*H572 -> 37.45 | J572: Display 압착기(Tape) 1대 | K572: TAIWAN | M572: DCP | N572: 85044090 | O572: Bộ chuyển đổi nguồn điện, mã hàng: DRL-24V240W1EN, nguồn vào: 1pha/90VAC-264VAC, nguồn ra: 24VDC, hsx: Delta, hàng mới 100%
B573: 005M2603 | D573: S7I15GD | F573: 2 | H573: 25.44 | I573: =F573*H573 -> 50.88 | J573: Display 압착기(Tape) 1대 | K573: KOREA | M573: AC MOTOR | N573: 85014019 | O573: Động cơ điều khiển tốc độ, mã hàng: S7I15GD, điện áp: 1 pha/200VAC, công suất 15W, hsx: SPG, hàng mới 100%
B574: 005M2603 | D574: S7KA30B | F574: 2 | H574: 24.19 | I574: =F574*H574 -> 48.38 | J574: Display 압착기(Tape) 1대 | K574: KOREA | M574: GEAR HEAD | N574: 84834090 | O574: Hộp giảm tốc, mã hàng: S7KA30B, hsx: SPG, hàng mới 100%
B575: 005M2603 | D575: A-MR-20-180-Φ78 | F575: 4 | H575: 10.99 | I575: =F575*H575 -> 43.96 | J575: Display 압착기(Tape) 1대 | K575: KOREA | M575: LEVLINGFOOT | N575: 73269099 | O575: Chân tăng chỉnh chiều cao máy, mã hàng: A-MR-20-180, chất liệu: thép, hsx: Misumi, hàng mới 100%
B576: 005M2603 | D576: E-LBHM12LUU | F576: 12 | H576: 3.97 | I576: =F576*H576 -> 47.64 | J576: Display 압착기(Tape) 1대 | K576: CHINA | M576: 리니어부시 | N576: 84828000 | O576: Bạc trượt, mã hàng: E-LBHM12LUU, đường kính trong: 12mm, hsx: MISUMI, hàng mới 100%
B577: 005M2603 | D577: SSFAD12-217-F35-B35-P12-N5 | F577: 12 | H577: 13.71 | I577: =F577*H577 -> 164.52 | J577: Display 압착기(Tape) 1대 | K577: CHINA | M577: 샤프트 | N577: 84831090 | O577: SHAFT-GC#&Trục truyền chuyển động (trục dẫn hướng một đầu có ren, bằng thép, mã hàng: SSFAD12-217-F35-B35-P12-N5, hàng mới 100%
B578: 005M2603 | D578: FSSARL080-03A | F578: 3 | H578: 4.66 | I578: =F578*H578 -> 13.98 | J578: Display 압착기(Tape) 1대 | K578: CHINA | M578: SENSOR BRACKET | N578: 76169990 | O578: Đồ gá cảm biến, mã hàng: FSSARL080-03A, chất liệu: nhôm, hsx: Misumi, hàng mới 100%
... B698: 002M2508 | D698: KFV-10 | F698: 14 | H698: 75.69 | I698: =F698*H698 -> 1059.66 | J698: UB 투입기 2대 | K698: KOREA | M698: Noise Filter | N698: 74122091 | O698: Khớp nối , mã hàng: KFV-10 , chất liệu: đồng thau, hsx: SMC, hàng mới 100%
B699: 002M2508 | D699: CHTRH15B-1-203L R/D | F699: 2 | H699: 15.14 | I699: =F699*H699 -> 30.28 | J699: UB 투입기 2대 | K699: TAIWAN | M699: LM GUIDE | N699: 73269099 | O699: Thanh trượt dẫn hướng
B700: 002M2508 | D700: CHTRS15BS-4-1380L R/D | F700: 2 | H700: 63.05 | I700: =F700*H700 -> 126.1 | J700: UB 투입기 2대 | K700: TAIWAN | M700: LM GUIDE | N700: 73269099 | O700: Thanh trượt dẫn hướng
B701: 002M2508 | D701: CHTRS15BS-2-765L R/D | F701: 2 | H701: 33.63 | I701: =F701*H701 -> 67.26 | J701: UB 투입기 2대 | K701: TAIWAN | M701: LM GUIDE | N701: 73269099 | O701: Thanh trượt dẫn hướng
B702: 002M2508 | D702: CHTRS15BS-2-865L R/D | F702: 2 | H702: 37.92 | I702: =F702*H702 -> 75.84 | J702: UB 투입기 2대 | K702: TAIWAN | M702: LM GUIDE | N702: 73269099 | O702: Thanh trượt dẫn hướng
B703: 002M2508 | D703: M15CUU2-185L-B2 G12.5/12.5 R/D | F703: 2 | H703: 21.85 | I703: =F703*H703 -> 43.7 | J703: UB 투입기 2대 | K703: TAIWAN | M703: LM GUIDE | N703: 73269099 | O703: Thanh trượt dẫn hướng, mã hàng: M15CUU2-185L-B2 G12.5/12.5 R/D, chất liệu: thép, hsx: CPC, hàng mới 100%
B704: 002M2508 | D704: CHTRH15B-2-692L R/D | F704: 4 | H704: 35.03 | I704: =F704*H704 -> 140.12 | J704: UB 투입기 2대 | K704: TAIWAN | M704: LM GUIDE | N704: 73269099 | O704: Thanh trượt dẫn hướng
B705: 002M2508 | D705: CHTRH15B-1-840L R/D | F705: 2 | H705: 31.76 | I705: =F705*H705 -> 63.52 | J705: UB 투입기 2대 | K705: TAIWAN | M705: LM GUIDE | N705: 73269099 | O705: Thanh trượt dẫn hướng
B706: 002M2508 | D706: MCM7M-1-42 R/D | F706: 2 | H706: 8.9 | I706: =F706*H706 -> 17.8 | J706: UB 투입기 2대 | K706: TAIWAN | M706: LM GUIDE | N706: 73269099 | O706: Thanh trượt dẫn hướng
B707: 002M2508 | D707: EAC-06-472-D | F707: 14 | H707: 18.73 | I707: =F707*H707 -> 262.22 | J707: UB 투입기 2대 | K707: KOREA | M707: EMC Filter | N707: 85437090 | O707: Bộ lọc nhiễu, mã hàng: EAC-06-472-D, điện áp: 250V/6A, hàng mới 100%
B708: 002M2508 | D708: NBH-06-432-D | F708: 2 | H708: 38.23 | I708: =F708*H708 -> 76.46 | J708: UB 투입기 2대 | K708: KOREA | M708: Noise Filter | N708: 85437090 | O708: Bộ lọc nhiễu, mã hàng: NBH-06-432-D, điện áp: 250V/6A, hàng mới 100%
B709: 002M2508 | D709: NBH-30-432-D | F709: 2 | H709: 66.32 | I709: =F709*H709 -> 132.64 | J709: UB 투입기 2대 | K709: KOREA | M709: Noise Filter | N709: 85437090 | O709: Bộ lọc nhiễu, mã hàng: NBH-30-432-D, điện áp: 250V/30A, hàng mới 100%
B710: 002M2508 | D710: DRL-24V120W1EN | F710: 2 | H710: 21.85 | I710: =F710*H710 -> 43.7 | J710: UB 투입기 2대 | K710: TAIWAN | M710: DCP | N710: 85044090 | O710: Bộ chuyển đổi nguồn điện, mã hàng: DRL-24V120W1EN, nguồn vào: 1pha/90VAC-264VAC, nguồn ra: 24VDC, hsx: Delta, hàng mới 100%
B711: 002M2508 | D711: DRL-24V240W1EN | F711: 2 | H711: 37.45 | I711: =F711*H711 -> 74.9 | J711: UB 투입기 2대 | K711: TAIWAN | M711: DCP | N711: 85044090 | O711: Bộ chuyển đổi nguồn điện, mã hàng: DRL-24V240W1EN, nguồn vào: 1pha/90VAC-264VAC, nguồn ra: 24VDC, hsx: Delta, hàng mới 100%
... B732: 002M2508 | D732: SP25B16-N-12 | F732: 6 | H732: 9.3 | I732: =F732*H732 -> 55.8 | J732: UB 투입기 2대 | K732: CHINA | M732: SPROCKET | N732: 84834090 | O732: Bánh răng, mã hàng: SP25B16-N-12, chất liệu: thép, hsx: Misumi, hàng mới 100%
A734: TOTAL | F734: =++SUM(F33:G733) -> 3163 | I734: =SUM(I33:I733) -> 79759
H746: Signed by
H753: ______________________________________

Sheet PACKING LIST
A1: PACKING LIST
A2: 1) Shipper / Exporter | F2: 8) No. & Date of Invoice
B4: KNK CO.,LTD | G4: =++INVOICE!G4 -> KNK-260402-1 | I4: DATE : | J4: =++INVOICE!I4 -> 46114
B5: 2, Gisan-ro 87 beon-gil, Hwaseong-si, Gyeonggi-do, Korea.
B6: TEL : +82-70-4045-0407 | D6: FAX: +82-31-267-0407
F7: 9) No. & Date of L/C
B8: ATTN : Ji-Yeon, An (+82-10-2739-2660)
A10: 2) For Account & Risk of Messrs | F10: T/T
B12: KNK VINA Co., Ltd.
B13: LOT CN5B-2,QUE VO III INDUSTRIAL PARK, | F13: 10) Issuing Bank
B14: QUE VO WARD, BAC NINH PROVINCE, VIETNAM.
B17: ATTN : NGUYEN DINH TAM (+84-98-204-9966)
A19: 3) Notify Party | F19: 11) Remarks
B21: SAME AS ABOVE | G21: INCOTERMS : C.I.P
A28: 4) Port of Loading | D28: 5) Final Destination
A29: =++INVOICE!A25 -> Incheon, Korea | D29: =++INVOICE!D25 -> Hanoi, Vietnam
A32: 6) Carrier | D32: 7) Sailing On or About
D33: =++INVOICE!D29 -> 46116
A35: 12) Marks and Number of PKGS | D35: 13) Description of Goods | F35: 14) Q'ty /Unit | H35: Net - | I35: Gross- | J35: Measurement | M35: NO. | N35: SIZE | O35: G/W
H36: Weight | I36: Weight
M37: 1 | N37: 1,100*1,100*1,680(H) | O37: 435
B38: 001M2603 | D38: SRS1-C1202-2 | F38: 14 | H38: =420+250 -> 670 | I38: =435+260 -> 695 | J38: 2 | M38: 2 | N38: 1,450*1,100*1,350(H) | O38: 260
B39: 001M2603 | D39: PS-DS1001-25P | F39: 4 | O39: =++SUM(O37:O38) -> 695
B40: 001M2603 | D40: DCP32DN 3A | F40: 14
B41: 001M2603 | D41: DCP32DN 15A | F41: 2
B42: 001M2603 | D42: AFB1224M-F00/AFB1224M | F42: 2
B43: 001M2603 | D43: AFB1224SHE-R00 | F43: 2
B44: 001M2603 | D44: D-SUB 25 Pin / Female | F44: 4
B45: 001M2603 | D45: T-DFF120 | F45: 4
B46: 001M2603 | D46: 120*120 | F46: 4
B47: 001M2603 | D47: BK10S-T2-2P | F47: 2
B48: 001M2603 | D48: SD10-T2-2P | F48: 2
B49: 001M2603 | D49: G7SA-2A2B | F49: 8
B50: 001M2603 | D50: P7SA-10F-ND | F50: 8
B51: 001M2603 | D51: G9SP-N10S | F51: 2
... B189: 001M2603 | D189: MMC_BDP008PCB | F189: 2
B190: 002M2603 | C190: 1 | D190: BS5-Y2M | F190: 2
B191: 002M2603 | C191: 2 | D191: CT-02 5M | F191: 2
B192: 002M2603 | C192: 3 | D192: D40A_1C2 | F192: 4
B193: 002M2603 | C193: 4 | D193: SRS1-C1202-2 | F193: 7
B194: 002M2603 | C194: 5 | D194: PS-DS1001-25P | F194: 2
B195: 002M2603 | C195: 6 | D195: DCP32DN 3A | F195: 7
B196: 002M2603 | C196: 7 | D196: DCP32DN 15A | F196: 1
B197: 002M2603 | C197: 8 | D197: AFB1224SHE-R00 | F197: 1
B198: 002M2603 | C198: 9 | D198: D-SUB 25 Pin / Female | F198: 2
B199: 002M2603 | C199: 10 | D199: T-DFF120 | F199: 2
B200: 002M2603 | C200: 11 | D200: 120*120 | F200: 2
B201: 002M2603 | C201: 12 | D201: BK10S-T2-2P | F201: 1
... B569: 005M2603 | C569: 89 | D569: KFV-10 | F569: 2
B570: 005M2603 | C570: 90 | D570: 10472 | F570: 2
B571: 005M2603 | C571: 91 | D571: BW9BTAA-S2 | F571: 1
B572: 005M2603 | C572: 92 | D572: EW50AAG 2P015B 30mA | F572: 1
B573: 005M2603 | C573: 93 | D573: EAC-06-472-D | F573: 1
B574: 005M2603 | C574: 94 | D574: EAC-16-472-D | F574: 1
B575: 005M2603 | C575: 95 | D575: DRL-24V120W1EN | F575: 1
B576: 005M2603 | C576: 96 | D576: DRL-24V240W1EN | F576: 1
B577: 005M2603 | C577: 98 | D577: S7I15GD | F577: 2
B578: 005M2603 | C578: 99 | D578: S7KA30B | F578: 2
B579: 005M2603 | C579: 101 | D579: A-MR-20-180-Φ78 | F579: 4
B580: 005M2603 | C580: 103 | D580: E-LBHM12LUU | F580: 12
B581: 005M2603 | C581: 104 | D581: SSFAD12-217-F35-B35-P12-N5 | F581: 12
B582: 005M2603 | C582: 105 | D582: FSSARL080-03A | F582: 3
... B736: 002M2508 | C736: 173 | D736: SP25B16-N-12 | F736: 6
A738: TOTAL | F738: =++SUM(F37:G737) -> 3163 | H738: =SUM(H37:H737) -> 670 | I738: =SUM(I37:I737) -> 695 | J738: =SUM(J37:J737) -> 2
H750: Signed by
I757: ___________________________________
